{"final_train_loss": 0.9335687160491943, "best_val_loss": 1.00570547580719, "total_train_time": 1336.9198348522186, "avg_inference_tokens_per_second": 515.032569066085}