{"final_train_loss": 1.002246618270874, "best_val_loss": 0.9796584248542786, "total_train_time": 1300.2307043075562, "avg_inference_tokens_per_second": 515.1962475624952}