{"final_train_loss": 0.794776201248169, "best_val_loss": 1.4688844680786133, "total_train_time": 119.87426328659058, "avg_inference_tokens_per_second": 520.4266991464858}