{"shakespeare_char": {"means": {"final_train_loss_mean": 0.8075270454088846, "best_val_loss_mean": 1.465157111485799, "total_train_time_mean": 129.72436197598776, "avg_inference_tokens_per_second_mean": 505.5451380532991}, "stderrs": {"final_train_loss_stderr": 0.003083446201733235, "best_val_loss_stderr": 0.000934180588366014, "total_train_time_stderr": 5.072709346609661, "avg_inference_tokens_per_second_stderr": 4.539148511278464}, "final_info_dict": {"final_train_loss": [0.8164352774620056, 0.794776201248169, 0.8113696575164795], "best_val_loss": [1.462126612663269, 1.4688844680786133, 1.4644602537155151], "total_train_time": [151.22103762626648, 119.87426328659058, 118.0777850151062], "avg_inference_tokens_per_second": [487.5186790271385, 520.4266991464858, 508.69003598627313]}}, "enwik8": {"means": {"final_train_loss_mean": 0.9335687160491943, "best_val_loss_mean": 1.00570547580719, "total_train_time_mean": 1336.9198348522186, "avg_inference_tokens_per_second_mean": 515.032569066085}, "stderrs": {"final_train_loss_stderr": 0.0, "best_val_loss_stderr": 0.0, "total_train_time_stderr": 0.0, "avg_inference_tokens_per_second_stderr": 0.0}, "final_info_dict": {"final_train_loss": [0.9335687160491943], "best_val_loss": [1.00570547580719], "total_train_time": [1336.9198348522186], "avg_inference_tokens_per_second": [515.032569066085]}}, "text8": {"means": {"final_train_loss_mean": 1.002246618270874, "best_val_loss_mean": 0.9796584248542786, "total_train_time_mean": 1300.2307043075562, "avg_inference_tokens_per_second_mean": 515.1962475624952}, "stderrs": {"final_train_loss_stderr": 0.0, "best_val_loss_stderr": 0.0, "total_train_time_stderr": 0.0, "avg_inference_tokens_per_second_stderr": 0.0}, "final_info_dict": {"final_train_loss": [1.002246618270874], "best_val_loss": [0.9796584248542786], "total_train_time": [1300.2307043075562], "avg_inference_tokens_per_second": [515.1962475624952]}}}