{"final_train_loss": 0.8113696575164795, "best_val_loss": 1.4644602537155151, "total_train_time": 118.0777850151062, "avg_inference_tokens_per_second": 508.69003598627313}