{"final_train_loss": 0.8164352774620056, "best_val_loss": 1.462126612663269, "total_train_time": 151.22103762626648, "avg_inference_tokens_per_second": 487.5186790271385}