mlworkflow,logical_consistency,reasoning_steps,inference_time
baseline,0.0,0.43333333333333335,172.28820705413818
proposal,0.011111111111111112,4.044444444444444,886.7733535766602
