{"shakespeare_char": {"means": {"final_train_loss_mean": 0.8232865929603577, "best_val_loss_mean": 1.4666900634765625, "total_train_time_mean": 159.6233150959015, "avg_inference_tokens_per_second_mean": 168.8541704312085}, "stderrs": {"final_train_loss_stderr": 0.0, "best_val_loss_stderr": 0.0, "total_train_time_stderr": 0.0, "avg_inference_tokens_per_second_stderr": 0.0}, "final_info_dict": {"final_train_loss": [0.8232865929603577], "best_val_loss": [1.4666900634765625], "total_train_time": [159.6233150959015], "avg_inference_tokens_per_second": [168.8541704312085]}}}