{"final_train_loss": 0.8232865929603577, "best_val_loss": 1.4666900634765625, "total_train_time": 159.6233150959015, "avg_inference_tokens_per_second": 168.8541704312085}